年份,行业代码,行业名称,变量,均值,样本量
2001,C,Manufacturing,SLoan,0.1627954035008354,555
2001,C,Manufacturing,LLoan,0.052544273248018115,555
2001,C,Manufacturing,Lev,0.4291580185315171,555
2001,C,Manufacturing,Cash,0.1837695832082465,555
2001,C,Manufacturing,ROA,0.025119882670620815,555
2001,C,Manufacturing,ROE,0.02347287657234498,555
2001,D,Utilities,SLoan,0.1303303420692797,66
2001,D,Utilities,LLoan,0.0763105659720752,66
2001,D,Utilities,Lev,0.3899686158519009,66
2001,D,Utilities,Cash,0.15042868066460546,66
2001,D,Utilities,ROA,0.0429038359394293,66
2001,D,Utilities,ROE,0.051413339381968716,66
2001,E,Construction,SLoan,0.1967823338773307,23
2001,E,Construction,LLoan,0.040980559811078295,23
2001,E,Construction,Lev,0.5174922873373803,23
2001,E,Construction,Cash,0.16386879574642066,23
2001,E,Construction,ROA,0.01957662634130097,23
2001,E,Construction,ROE,0.04131557206611144,23
2001,F,Wholesale/Retail,SLoan,0.1985435195158577,100
2001,F,Wholesale/Retail,LLoan,0.03432313839617452,100
2001,F,Wholesale/Retail,Lev,0.48053526535509206,100
2001,F,Wholesale/Retail,Cash,0.18314058940443906,100
2001,F,Wholesale/Retail,ROA,0.022334584034182807,100
2001,F,Wholesale/Retail,ROE,0.048416642385751434,100
2001,G,Transport,SLoan,0.10250083174674707,50
2001,G,Transport,LLoan,0.07061238865802107,50
2001,G,Transport,Lev,0.3453137701033892,50
2001,G,Transport,Cash,0.15935158962873708,50
2001,G,Transport,ROA,0.046115435213812964,50
2001,G,Transport,ROE,0.06264437168488905,50
2001,J,Finance,SLoan,0.15823557840737174,38
2001,J,Finance,LLoan,0.06258764613189453,35
2001,J,Finance,Lev,0.5216296622782238,41
2001,J,Finance,Cash,0.20027843735432138,38
2001,J,Finance,ROA,-0.0002591601795607697,41
2001,J,Finance,ROE,-0.03515016346545947,41
2001,K,Real Estate,SLoan,0.21562800901550735,95
2001,K,Real Estate,LLoan,0.041461264687718664,95
2001,K,Real Estate,Lev,0.4972425229466745,95
2001,K,Real Estate,Cash,0.15408878339450116,95
2001,K,Real Estate,ROA,0.012560730465148636,95
2001,K,Real Estate,ROE,0.0006792902513561199,95
2003,C,Manufacturing,SLoan,0.17685019564456023,633
2003,C,Manufacturing,LLoan,0.052673259592401225,633
2003,C,Manufacturing,Lev,0.46763382470790515,633
2003,C,Manufacturing,Cash,0.1638366116619454,633
2003,C,Manufacturing,ROA,0.026424827749289254,633
2003,C,Manufacturing,ROE,0.03837302870477585,633
2003,D,Utilities,SLoan,0.1553021146967208,71
2003,D,Utilities,LLoan,0.10869123540792958,71
2003,D,Utilities,Lev,0.4545757443327039,71
2003,D,Utilities,Cash,0.1317195876377007,71
2003,D,Utilities,ROA,0.033738631917311836,71
2003,D,Utilities,ROE,0.04551613433464373,71
2003,E,Construction,SLoan,0.18643008633807284,25
2003,E,Construction,LLoan,0.05023466984072789,25
2003,E,Construction,Lev,0.5635135197862225,25
2003,E,Construction,Cash,0.15928279094414288,25
2003,E,Construction,ROA,0.0044034095174926525,25
2003,E,Construction,ROE,-0.017331408623695203,25
2003,F,Wholesale/Retail,SLoan,0.21360356914986445,104
2003,F,Wholesale/Retail,LLoan,0.035639163056627225,104
2003,F,Wholesale/Retail,Lev,0.536653617044592,104
2003,F,Wholesale/Retail,Cash,0.17849331263625792,104
2003,F,Wholesale/Retail,ROA,0.016744713152632148,104
2003,F,Wholesale/Retail,ROE,0.027290174747446296,104
2003,G,Transport,SLoan,0.11507237865551011,56
2003,G,Transport,LLoan,0.06155403553705715,56
2003,G,Transport,Lev,0.330396479362775,56
2003,G,Transport,Cash,0.16187701944527433,56
2003,G,Transport,ROA,0.04794302160099429,56
2003,G,Transport,ROE,0.038858794921986135,56
2003,J,Finance,SLoan,0.16214595466345677,37
2003,J,Finance,LLoan,0.060249615416593696,33
2003,J,Finance,Lev,0.5513163402484997,44
2003,J,Finance,Cash,0.16508101098085035,39
2003,J,Finance,ROA,0.015292957730056116,44
2003,J,Finance,ROE,0.03901737901295484,44
2003,K,Real Estate,SLoan,0.1996844367509619,100
2003,K,Real Estate,LLoan,0.06213359660144402,100
2003,K,Real Estate,Lev,0.54266673880282,100
2003,K,Real Estate,Cash,0.13916752490139497,100
2003,K,Real Estate,ROA,0.015336451349695976,100
2003,K,Real Estate,ROE,0.02964640221394182,100
2005,C,Manufacturing,SLoan,0.1817685529931786,685
2005,C,Manufacturing,LLoan,0.04898348057069969,685
2005,C,Manufacturing,Lev,0.5021889386230163,685
2005,C,Manufacturing,Cash,0.14745051989525826,685
2005,C,Manufacturing,ROA,0.01882460571926618,685
2005,C,Manufacturing,ROE,-0.004514950574038349,685
2005,D,Utilities,SLoan,0.1552820577818946,80
2005,D,Utilities,LLoan,0.1401109142110137,80
2005,D,Utilities,Lev,0.5148602796354019,80
2005,D,Utilities,Cash,0.10185372725950752,80
2005,D,Utilities,ROA,0.018513988460938602,80
2005,D,Utilities,ROE,0.010999450681338951,80
2005,E,Construction,SLoan,0.18831945976163608,29
2005,E,Construction,LLoan,0.05171381688191835,29
2005,E,Construction,Lev,0.590059779000326,29
2005,E,Construction,Cash,0.1298303626661896,29
2005,E,Construction,ROA,-0.0121189650424223,29
2005,E,Construction,ROE,-0.07422273130371201,29
2005,F,Wholesale/Retail,SLoan,0.1931845862680032,107
2005,F,Wholesale/Retail,LLoan,0.04033756540896927,107
2005,F,Wholesale/Retail,Lev,0.5749559044438644,107
2005,F,Wholesale/Retail,Cash,0.16228133397451314,107
2005,F,Wholesale/Retail,ROA,0.0082000271803294,107
2005,F,Wholesale/Retail,ROE,-0.015291407492706147,107
2005,G,Transport,SLoan,0.1084063207068957,56
2005,G,Transport,LLoan,0.0779302553370865,56
2005,G,Transport,Lev,0.37233940860885156,56
2005,G,Transport,Cash,0.13943176113203873,56
2005,G,Transport,ROA,0.055584973874192194,56
2005,G,Transport,ROE,0.06951172185576153,56
2005,J,Finance,SLoan,0.16273251227221222,37
2005,J,Finance,LLoan,0.06986865722281199,32
2005,J,Finance,Lev,0.596296149305389,44
2005,J,Finance,Cash,0.12933602743665668,39
2005,J,Finance,ROA,-0.021230693681192476,44
2005,J,Finance,ROE,-0.09230306832095186,44
2005,K,Real Estate,SLoan,0.19330607614757564,96
2005,K,Real Estate,LLoan,0.05944657195588728,96
2005,K,Real Estate,Lev,0.5724807130675903,96
2005,K,Real Estate,Cash,0.12685255323832986,96
2005,K,Real Estate,ROA,0.003334601345311892,96
2005,K,Real Estate,ROE,-0.09786111075043319,96
2007,C,Manufacturing,SLoan,0.1661132382156619,796
2007,C,Manufacturing,LLoan,0.04563415960835819,791
2007,C,Manufacturing,Lev,0.49310122125641087,796
2007,C,Manufacturing,Cash,0.15902586262684643,796
2007,C,Manufacturing,ROA,0.04772924340127117,796
2007,C,Manufacturing,ROE,0.09078008667655495,796
2007,D,Utilities,SLoan,0.1669454368166415,82
2007,D,Utilities,LLoan,0.15304000720345176,81
2007,D,Utilities,Lev,0.5494682302725705,82
2007,D,Utilities,Cash,0.08996090435041247,82
2007,D,Utilities,ROA,0.034170072188,82
2007,D,Utilities,ROE,0.07946994076482523,82
2007,E,Construction,SLoan,0.12800938923839222,38
2007,E,Construction,LLoan,0.060922233091181256,38
2007,E,Construction,Lev,0.622715799659446,38
2007,E,Construction,Cash,0.19313820497956333,38
2007,E,Construction,ROA,0.01793449253507915,38
2007,E,Construction,ROE,0.059512475505078266,38
2007,F,Wholesale/Retail,SLoan,0.15941381434601035,110
2007,F,Wholesale/Retail,LLoan,0.04124001504363118,109
2007,F,Wholesale/Retail,Lev,0.5640398063956464,110
2007,F,Wholesale/Retail,Cash,0.17986335881922821,110
2007,F,Wholesale/Retail,ROA,0.04311943609845604,110
2007,F,Wholesale/Retail,ROE,0.10214318476289586,110
2007,G,Transport,SLoan,0.10490210887081639,65
2007,G,Transport,LLoan,0.09696336873237756,61
2007,G,Transport,Lev,0.41179373153242527,65
2007,G,Transport,Cash,0.13074482971247184,65
2007,G,Transport,ROA,0.07559800266543121,65
2007,G,Transport,ROE,0.12747817837019484,65
2007,J,Finance,SLoan,0.06806552770828028,54
2007,J,Finance,LLoan,0.035938487978313394,38
2007,J,Finance,Lev,0.651531500628709,55
2007,J,Finance,Cash,0.17502366231100971,54
2007,J,Finance,ROA,0.0506264622294317,55
2007,J,Finance,ROE,0.17202428213483384,55
2007,K,Real Estate,SLoan,0.1064569552783604,100
2007,K,Real Estate,LLoan,0.10265253919853214,100
2007,K,Real Estate,Lev,0.562026757929576,100
2007,K,Real Estate,Cash,0.1592022140130427,100
2007,K,Real Estate,ROA,0.029953938140996863,100
2007,K,Real Estate,ROE,0.07881542233105635,100
2009,C,Manufacturing,SLoan,0.1371506010734233,924
2009,C,Manufacturing,LLoan,0.053778200174839,921
2009,C,Manufacturing,Lev,0.466886259860485,924
2009,C,Manufacturing,Cash,0.2106075855118831,924
2009,C,Manufacturing,ROA,0.041803271252710834,924
2009,C,Manufacturing,ROE,0.057178321348406655,924
2009,D,Utilities,SLoan,0.15452562918569673,85
2009,D,Utilities,LLoan,0.2002172883326195,85
2009,D,Utilities,Lev,0.5934015443061758,85
2009,D,Utilities,Cash,0.10500447307166101,85
2009,D,Utilities,ROA,0.018752270762819045,85
2009,D,Utilities,ROE,0.02990779502167473,85
2009,E,Construction,SLoan,0.08040413352922444,46
2009,E,Construction,LLoan,0.08553505895693567,46
2009,E,Construction,Lev,0.6268239886926341,46
2009,E,Construction,Cash,0.2586649161260415,46
2009,E,Construction,ROA,0.03436826206204626,46
2009,E,Construction,ROE,0.096667257030947,46
2009,F,Wholesale/Retail,SLoan,0.13291016516657456,113
2009,F,Wholesale/Retail,LLoan,0.03973708467428056,112
2009,F,Wholesale/Retail,Lev,0.5543873636504463,113
2009,F,Wholesale/Retail,Cash,0.21179055466918847,113
2009,F,Wholesale/Retail,ROA,0.03504173763945124,113
2009,F,Wholesale/Retail,ROE,0.0723307516585773,113
2009,G,Transport,SLoan,0.09002482281239876,70
2009,G,Transport,LLoan,0.1271953763554518,68
2009,G,Transport,Lev,0.4299031346483595,70
2009,G,Transport,Cash,0.14722789015229515,70
2009,G,Transport,ROA,0.04455473305007089,70
2009,G,Transport,ROE,0.05663743575457658,70
2009,J,Finance,SLoan,0.05097021051886996,59
2009,J,Finance,LLoan,0.04042160405847889,42
2009,J,Finance,Lev,0.6255770014807867,59
2009,J,Finance,Cash,0.2678468088822312,59
2009,J,Finance,ROA,0.03496643826516744,59
2009,J,Finance,ROE,0.1130589289811314,59
2009,K,Real Estate,SLoan,0.06561496996202346,110
2009,K,Real Estate,LLoan,0.12231971716837191,110
2009,K,Real Estate,Lev,0.5803527336132697,110
2009,K,Real Estate,Cash,0.19834875380006203,110
2009,K,Real Estate,ROA,0.043399919512943856,110
2009,K,Real Estate,ROE,0.10816783613326926,110
2011,C,Manufacturing,SLoan,0.11462576738288892,1341
2011,C,Manufacturing,LLoan,0.03374710541890882,1329
2011,C,Manufacturing,Lev,0.39390978136882465,1341
2011,C,Manufacturing,Cash,0.25566704493594006,1341
2011,C,Manufacturing,ROA,0.050445320745023496,1341
2011,C,Manufacturing,ROE,0.0748003824088386,1341
2011,D,Utilities,SLoan,0.1260972253426726,92
2011,D,Utilities,LLoan,0.18023356318952222,92
2011,D,Utilities,Lev,0.5843127548516894,92
2011,D,Utilities,Cash,0.12051802627218987,92
2011,D,Utilities,ROA,0.02706953993157193,92
2011,D,Utilities,ROE,0.04716489847040093,92
2011,E,Construction,SLoan,0.08948318316249633,61
2011,E,Construction,LLoan,0.07418801060945465,61
2011,E,Construction,Lev,0.5892523643751242,61
2011,E,Construction,Cash,0.23078680304171045,61
2011,E,Construction,ROA,0.028889889329496366,61
2011,E,Construction,ROE,0.08314003306713892,61
2011,F,Wholesale/Retail,SLoan,0.12823763873483116,134
2011,F,Wholesale/Retail,LLoan,0.031324324282062235,132
2011,F,Wholesale/Retail,Lev,0.5473024568665519,134
2011,F,Wholesale/Retail,Cash,0.22988269732954708,134
2011,F,Wholesale/Retail,ROA,0.04280693310725443,134
2011,F,Wholesale/Retail,ROE,0.08921172944218506,134
2011,G,Transport,SLoan,0.07678954976906549,79
2011,G,Transport,LLoan,0.11986327513794973,75
2011,G,Transport,Lev,0.44447696516050256,79
2011,G,Transport,Cash,0.15596578433779928,79
2011,G,Transport,ROA,0.047641758333978164,79
2011,G,Transport,ROE,0.07173299264737476,79
2011,J,Finance,SLoan,0.04305284726915605,70
2011,J,Finance,LLoan,0.02851191219564547,47
2011,J,Finance,Lev,0.5817082847119998,70
2011,J,Finance,Cash,0.2663709103894064,70
2011,J,Finance,ROA,0.03398625311815658,70
2011,J,Finance,ROE,0.10099956596871895,70
2011,K,Real Estate,SLoan,0.06455115433965479,115
2011,K,Real Estate,LLoan,0.13475544190450064,115
2011,K,Real Estate,Lev,0.6226496849607102,115
2011,K,Real Estate,Cash,0.12610932408051842,115
2011,K,Real Estate,ROA,0.03698428624205356,115
2011,K,Real Estate,ROE,0.10395113726082736,115
2013,C,Manufacturing,SLoan,0.11431177206659468,1482
2013,C,Manufacturing,LLoan,0.030312666348803124,1478
2013,C,Manufacturing,Lev,0.41097150573155206,1482
2013,C,Manufacturing,Cash,0.1885988875010661,1482
2013,C,Manufacturing,ROA,0.040647851757222415,1482
2013,C,Manufacturing,ROE,0.05765453986635378,1482
2013,D,Utilities,SLoan,0.11274073734345458,96
2013,D,Utilities,LLoan,0.15636471372314742,96
2013,D,Utilities,Lev,0.5701135261654692,96
2013,D,Utilities,Cash,0.13170780530781526,96
2013,D,Utilities,ROA,0.03030114876458359,96
2013,D,Utilities,ROE,0.05436552644786886,96
2013,E,Construction,SLoan,0.09913910104735178,63
2013,E,Construction,LLoan,0.07659973130005425,63
2013,E,Construction,Lev,0.6322945820636331,63
2013,E,Construction,Cash,0.1837894419074594,63
2013,E,Construction,ROA,0.023242552117549928,63
2013,E,Construction,ROE,0.06533428615745025,63
2013,F,Wholesale/Retail,SLoan,0.12198853379934661,138
2013,F,Wholesale/Retail,LLoan,0.03119871788236458,137
2013,F,Wholesale/Retail,Lev,0.560995917388872,138
2013,F,Wholesale/Retail,Cash,0.19570677962797298,138
2013,F,Wholesale/Retail,ROA,0.03152019123344467,138
2013,F,Wholesale/Retail,ROE,0.07350432587694611,138
2013,G,Transport,SLoan,0.07535713234989887,82
2013,G,Transport,LLoan,0.10508220357442714,82
2013,G,Transport,Lev,0.44026635268945896,82
2013,G,Transport,Cash,0.14462416506732922,82
2013,G,Transport,ROA,0.04018694939754952,82
2013,G,Transport,ROE,0.06403507563922893,82
2013,J,Finance,SLoan,0.043594890876299516,75
2013,J,Finance,LLoan,0.019365942945526106,75
2013,J,Finance,Lev,0.6067491238864011,75
2013,J,Finance,Cash,0.19432619636225396,75
2013,J,Finance,ROA,0.03372236776426246,75
2013,J,Finance,ROE,0.10407677745819477,75
2013,K,Real Estate,SLoan,0.067200653369832,115
2013,K,Real Estate,LLoan,0.17192256083462193,115
2013,K,Real Estate,Lev,0.6467992121272796,115
2013,K,Real Estate,Cash,0.13579783380111934,115
2013,K,Real Estate,ROA,0.03095587495843658,115
2013,K,Real Estate,ROE,0.09392789801311567,115
2015,C,Manufacturing,SLoan,0.10177854322973068,1823
2015,C,Manufacturing,LLoan,0.025911727152820165,1817
2015,C,Manufacturing,Lev,0.3956670044791862,1823
2015,C,Manufacturing,Cash,0.17360706893470462,1823
2015,C,Manufacturing,ROA,0.03765781254469041,1823
2015,C,Manufacturing,ROE,0.04877962252557381,1823
2015,D,Utilities,SLoan,0.08699756455087856,103
2015,D,Utilities,LLoan,0.14853118730285741,103
2015,D,Utilities,Lev,0.5364162036708853,103
2015,D,Utilities,Cash,0.1273660412006907,103
2015,D,Utilities,ROA,0.038293876011050235,103
2015,D,Utilities,ROE,0.07610151149289984,103
2015,E,Construction,SLoan,0.0998258623862001,70
2015,E,Construction,LLoan,0.06410409715213992,70
2015,E,Construction,Lev,0.6269192171481233,71
2015,E,Construction,Cash,0.1714622382395268,71
2015,E,Construction,ROA,0.026563816415492075,71
2015,E,Construction,ROE,0.07300545268183033,71
2015,F,Wholesale/Retail,SLoan,0.11954558149251232,147
2015,F,Wholesale/Retail,LLoan,0.028671175930583364,146
2015,F,Wholesale/Retail,Lev,0.5246339306090274,147
2015,F,Wholesale/Retail,Cash,0.20059493169579734,147
2015,F,Wholesale/Retail,ROA,0.027587935212406184,147
2015,F,Wholesale/Retail,ROE,0.054590047921647164,147
2015,G,Transport,SLoan,0.06408672498762329,85
2015,G,Transport,LLoan,0.10549187340484575,85
2015,G,Transport,Lev,0.4367746253725136,86
2015,G,Transport,Cash,0.12624478524644236,86
2015,G,Transport,ROA,0.037976442003784215,86
2015,G,Transport,ROE,0.05867908980052047,86
2015,J,Finance,SLoan,0.037727799832974335,79
2015,J,Finance,LLoan,0.02502753936986926,79
2015,J,Finance,Lev,0.6816684109641901,79
2015,J,Finance,Cash,0.1826010351373536,79
2015,J,Finance,ROA,0.03208045567894811,79
2015,J,Finance,ROE,0.12667671853108486,79
2015,K,Real Estate,SLoan,0.05671504181081537,116
2015,K,Real Estate,LLoan,0.1503219407015627,116
2015,K,Real Estate,Lev,0.6526995170055595,116
2015,K,Real Estate,Cash,0.14008201512889415,116
2015,K,Real Estate,ROA,0.016183858959568108,116
2015,K,Real Estate,ROE,0.04705871402168729,116
2017,C,Manufacturing,SLoan,0.11928286766890579,1741
2017,C,Manufacturing,LLoan,0.051264144908329395,1081
2017,C,Manufacturing,Lev,0.37736879155095177,2346
2017,C,Manufacturing,Cash,0.17050365555731048,2346
2017,C,Manufacturing,ROA,0.053167732436274685,2346
2017,C,Manufacturing,ROE,0.0820016010314832,2346
2017,D,Utilities,SLoan,0.12034946453982787,93
2017,D,Utilities,LLoan,0.1771321072386911,96
2017,D,Utilities,Lev,0.5268732621236796,113
2017,D,Utilities,Cash,0.12402590146995121,113
2017,D,Utilities,ROA,0.030273545030293274,113
2017,D,Utilities,ROE,0.04933858909655494,113
2017,E,Construction,SLoan,0.11436072473504832,79
2017,E,Construction,LLoan,0.08102391639158682,68
2017,E,Construction,Lev,0.610053297209922,92
2017,E,Construction,Cash,0.15656734858303104,92
2017,E,Construction,ROA,0.027022655616367273,92
2017,E,Construction,ROE,0.0734646148767305,92
2017,F,Wholesale/Retail,SLoan,0.13242215068610602,137
2017,F,Wholesale/Retail,LLoan,0.05374479011816991,88
2017,F,Wholesale/Retail,Lev,0.5217252790909414,164
2017,F,Wholesale/Retail,Cash,0.19516377920849065,164
2017,F,Wholesale/Retail,ROA,0.03236805739989977,164
2017,F,Wholesale/Retail,ROE,0.06623954426468077,164
2017,G,Transport,SLoan,0.09076501245104941,72
2017,G,Transport,LLoan,0.13330375110215328,72
2017,G,Transport,Lev,0.42330245620267065,97
2017,G,Transport,Cash,0.13811428048425295,97
2017,G,Transport,ROA,0.05328232963999323,97
2017,G,Transport,ROE,0.09504021775616114,97
2017,J,Finance,SLoan,0.05158626213483989,51
2017,J,Finance,LLoan,0.0839945025900633,35
2017,J,Finance,Lev,0.7337239390354834,97
2017,J,Finance,Cash,0.1727398178239597,70
2017,J,Finance,ROA,0.017802688069233845,97
2017,J,Finance,ROE,0.07819152350404367,97
2017,K,Real Estate,SLoan,0.05597315849046168,80
2017,K,Real Estate,LLoan,0.1588984240304679,104
2017,K,Real Estate,Lev,0.6531530990713101,117
2017,K,Real Estate,Cash,0.15691797504700497,117
2017,K,Real Estate,ROA,0.026243359757071733,117
2017,K,Real Estate,ROE,0.07809187318214954,117
2019,C,Manufacturing,SLoan,0.11401079736168651,1998
2019,C,Manufacturing,LLoan,0.05317560480644761,1281
2019,C,Manufacturing,Lev,0.3920274710685109,2562
2019,C,Manufacturing,Cash,0.1684965712686342,2562
2019,C,Manufacturing,ROA,0.03622254753419647,2562
2019,C,Manufacturing,ROE,0.029451499159001117,2562
2019,D,Utilities,SLoan,0.10982717800747782,99
2019,D,Utilities,LLoan,0.17433781585514815,102
2019,D,Utilities,Lev,0.5485121950794019,116
2019,D,Utilities,Cash,0.09729941717203223,116
2019,D,Utilities,ROA,0.016968570378776103,116
2019,D,Utilities,ROE,-0.027247967927294284,116
2019,E,Construction,SLoan,0.10231197037213223,86
2019,E,Construction,LLoan,0.09157958597468387,71
2019,E,Construction,Lev,0.6661458810105586,95
2019,E,Construction,Cash,0.1561029004676308,95
2019,E,Construction,ROA,0.009073466994697466,95
2019,E,Construction,ROE,0.002389845992518037,95
2019,F,Wholesale/Retail,SLoan,0.13423759595168946,133
2019,F,Wholesale/Retail,LLoan,0.05379913670697073,91
2019,F,Wholesale/Retail,Lev,0.5212309125648846,162
2019,F,Wholesale/Retail,Cash,0.1784706048560582,162
2019,F,Wholesale/Retail,ROA,0.02658729011272706,162
2019,F,Wholesale/Retail,ROE,0.027662363292861925,162
2019,G,Transport,SLoan,0.07834520831010341,78
2019,G,Transport,LLoan,0.14070925942189888,75
2019,G,Transport,Lev,0.4274463734101718,101
2019,G,Transport,Cash,0.12943369809084013,101
2019,G,Transport,ROA,0.04372696783394688,101
2019,G,Transport,ROE,0.0746776955500342,101
2019,J,Finance,SLoan,0.037857289454659326,56
2019,J,Finance,LLoan,0.05820819999927791,38
2019,J,Finance,Lev,0.7385954773872688,118
2019,J,Finance,Cash,0.20371428887120163,82
2019,J,Finance,ROA,0.012706033372523077,118
2019,J,Finance,ROE,0.056450987920170066,118
2019,K,Real Estate,SLoan,0.046536023610466055,84
2019,K,Real Estate,LLoan,0.13818638094304997,98
2019,K,Real Estate,Lev,0.6381463466007689,116
2019,K,Real Estate,Cash,0.15100011661481533,116
2019,K,Real Estate,ROA,0.023646481213349144,116
2019,K,Real Estate,ROE,0.051701200420826286,116
2021,C,Manufacturing,SLoan,0.09642334439140299,2387
2021,C,Manufacturing,LLoan,0.056155948298192065,1596
2021,C,Manufacturing,Lev,0.3844564055602206,3220
2021,C,Manufacturing,Cash,0.19190484527491725,3220
2021,C,Manufacturing,ROA,0.049555280745194184,3220
2021,C,Manufacturing,ROE,0.058977580213394665,3220
2021,D,Utilities,SLoan,0.08698477773467539,117
2021,D,Utilities,LLoan,0.18554064297515893,118
2021,D,Utilities,Lev,0.5506822618147916,130
2021,D,Utilities,Cash,0.11403206935373071,130
2021,D,Utilities,ROA,0.017576320910409712,130
2021,D,Utilities,ROE,-0.015492895048275885,130
2021,E,Construction,SLoan,0.0802478882973542,91
2021,E,Construction,LLoan,0.08499790036986397,85
2021,E,Construction,Lev,0.6712689822686569,106
2021,E,Construction,Cash,0.1514225246560201,106
2021,E,Construction,ROA,-0.019824015034745224,106
2021,E,Construction,ROE,-0.15550810767803527,106
2021,F,Wholesale/Retail,SLoan,0.1172341441295509,149
2021,F,Wholesale/Retail,LLoan,0.05563436364396245,102
2021,F,Wholesale/Retail,Lev,0.5326739709740093,187
2021,F,Wholesale/Retail,Cash,0.18179242853367988,187
2021,F,Wholesale/Retail,ROA,0.027365859416532724,187
2021,F,Wholesale/Retail,ROE,0.01624221602854386,187
2021,G,Transport,SLoan,0.07661958069283875,83
2021,G,Transport,LLoan,0.13397921484097228,84
2021,G,Transport,Lev,0.456456132542466,109
2021,G,Transport,Cash,0.1424153011119164,109
2021,G,Transport,ROA,0.03775077407197869,109
2021,G,Transport,ROE,0.05145055371512276,109
2021,J,Finance,SLoan,0.03445703272770442,54
2021,J,Finance,LLoan,0.04358734192318967,33
2021,J,Finance,Lev,0.7579468839600415,127
2021,J,Finance,Cash,0.22242150623174,85
2021,J,Finance,ROA,0.016072349763156635,127
2021,J,Finance,ROE,0.06472516897587094,127
2021,K,Real Estate,SLoan,0.04051841066943206,81
2021,K,Real Estate,LLoan,0.12719546873767612,100
2021,K,Real Estate,Lev,0.6541676503049524,117
2021,K,Real Estate,Cash,0.13221438094273463,117
2021,K,Real Estate,ROA,0.006727515666501116,117
2021,K,Real Estate,ROE,-0.05849216504835443,117
2023,C,Manufacturing,SLoan,0.08265773524039896,2798
2023,C,Manufacturing,LLoan,0.06920289090590871,2011
2023,C,Manufacturing,Lev,0.37663280874175675,3596
2023,C,Manufacturing,Cash,0.20289177056345234,3596
2023,C,Manufacturing,ROA,0.028331221947551107,3596
2023,C,Manufacturing,ROE,0.02918182985273767,3596
2023,D,Utilities,SLoan,0.07907018255953982,116
2023,D,Utilities,LLoan,0.20991247283665518,124
2023,D,Utilities,Lev,0.543531018139293,136
2023,D,Utilities,Cash,0.11980925472872721,136
2023,D,Utilities,ROA,0.03262581120079743,136
2023,D,Utilities,ROE,0.06185345063590617,136
2023,E,Construction,SLoan,0.06798395727161582,93
2023,E,Construction,LLoan,0.10055796627864876,83
2023,E,Construction,Lev,0.6755214908300101,106
2023,E,Construction,Cash,0.14466119024911875,106
2023,E,Construction,ROA,-0.005313676322337343,106
2023,E,Construction,ROE,-0.06537263368327441,106
2023,F,Wholesale/Retail,SLoan,0.11967210812482108,158
2023,F,Wholesale/Retail,LLoan,0.060086020534860105,106
2023,F,Wholesale/Retail,Lev,0.5272412161237372,191
2023,F,Wholesale/Retail,Cash,0.17953534004931326,191
2023,F,Wholesale/Retail,ROA,0.01526613335875686,191
2023,F,Wholesale/Retail,ROE,0.008494712266845452,191
2023,G,Transport,SLoan,0.06957371276462648,88
2023,G,Transport,LLoan,0.13885237493224553,90
2023,G,Transport,Lev,0.4345310305103016,112
2023,G,Transport,Cash,0.14656722126462116,112
2023,G,Transport,ROA,0.03966885533033515,112
2023,G,Transport,ROE,0.0627874829526741,112
2023,J,Finance,SLoan,0.028206257039718293,49
2023,J,Finance,LLoan,0.05396273556941325,30
2023,J,Finance,Lev,0.7660740264328101,126
2023,J,Finance,Cash,0.21262766200544675,84
2023,J,Finance,ROA,0.00830090149342757,126
2023,J,Finance,ROE,0.05162559774734782,126
2023,K,Real Estate,SLoan,0.04351348244644184,74
2023,K,Real Estate,LLoan,0.13574888839633995,89
2023,K,Real Estate,Lev,0.6200476676823848,104
2023,K,Real Estate,Cash,0.1376729770702112,104
2023,K,Real Estate,ROA,-0.0009155066306425157,104
2023,K,Real Estate,ROE,-0.044649157832731476,104
