年份,变量,均值,中位数,标准差,最小值,最大值,样本量
2000,Lev,0.43314424275922386,0.4234594720329791,0.1767702068490402,0.0986515097993954,0.9177003586654618,1157
2000,SL,0.3723045057454662,0.3535321359981346,0.17047160916021595,0.0780213927188394,0.8888490712530182,1151
2000,LL,0.05776102982236163,0.027955375844993552,0.07815258131513264,-0.0197578863482362,0.4042551080006766,1146
2000,SDR,0.869747279335084,0.9352084360900172,0.1624459139436197,0.3168231199106484,1.049858158346837,1151
2000,Cash,0.1615383157690282,0.12817340241388614,0.126626683383341,0.0036238425271073,0.5741320817652035,1154
2000,ROA,0.038086095103697815,0.0447357063423717,0.05279077255631324,-0.1912606703693167,0.152589377875614,1157
2000,ROE,0.0431628686725166,0.0764623448169613,0.20089735503613115,-1.2164818887408717,0.2691512084158438,1157
2000,SLoan,0.1622895665742722,0.1437996324295671,0.12022902223293884,0.0,0.5202492582289666,1151
2000,LLoan,0.047942362844892415,0.0180750555354675,0.06661186343707233,0.0,0.298830884689275,1141
2000,Size,20.9435262135053,20.876959491054308,0.864262474008229,18.556068340551377,25.596342070389976,1176
2000,Age,0.9266375545851528,1.0,0.2608444372448206,0.0,1.0,1145
2001,Lev,0.44350342145823934,0.4359995131120611,0.1816974473445174,0.0919279338945161,0.927328829671899,1233
2001,SL,0.37759163183005945,0.3659894523207493,0.1711921961243429,0.072004917422654,0.8391947668028902,1227
2001,LL,0.06279400609548301,0.0313005825620921,0.08321415052415203,0.0,0.4131915192899683,1224
2001,SDR,0.8627519423617126,0.9294349622829164,0.1678849614139501,0.243203340950256,1.0,1227
2001,Cash,0.17576944054226232,0.1443876489847684,0.12328109675905098,0.0035627157268143,0.5599303556690256,1230
2001,ROA,0.023091679417725237,0.0324682379394128,0.06388078580293825,-0.2815921679682424,0.1382217697053157,1233
2001,ROE,0.020948189027146468,0.0613055957903869,0.2021272564406332,-1.300381450913456,0.2484568092984989,1233
2001,SLoan,0.17278968403172484,0.1569528333014443,0.12455700771261796,0.0,0.5137159444657333,1227
2001,LLoan,0.051957322691607535,0.018332479656610952,0.07404849575105003,0.0,0.3480342411512495,1220
2001,Size,21.011054768231453,20.937208609977187,0.9216988770331148,17.389406010530916,26.610186201772457,1258
2001,Age,1.8231404958677686,2.0,0.5032171652453873,0.0,2.0,1210
2002,Lev,0.46213830147104157,0.4537580357692763,0.1800352128753533,0.0910616500952372,0.9357303215609338,1291
2002,SL,0.39651251438303736,0.3853090419801788,0.17153138794872952,0.0670192390708447,0.8389731765912944,1284
2002,LL,0.06272645156929497,0.0309011184933353,0.08213728476473334,0.0,0.3880643277246689,1277
2002,SDR,0.8679352564474508,0.930769649142067,0.16246067946317505,0.3069804419567658,1.0,1284
2002,Cash,0.1647267937132064,0.137570602959528,0.11780132565090203,0.0062178998642435,0.5553263420835024,1287
2002,ROA,0.01721814620723042,0.0282945165677349,0.06864385405664233,-0.3155491960098278,0.1353996930068687,1291
2002,ROE,0.008530880414152689,0.0577826010665086,0.2211705082187511,-1.340043663728004,0.2755503808404993,1291
2002,SLoan,0.17531688211304838,0.163553290924791,0.12770492780081588,0.0,0.5200330720597136,1284
2002,LLoan,0.0507398620907969,0.01757250558916255,0.07422256280857802,0.0,0.347148862791669,1272
2002,Size,21.07539008395791,20.99089006825543,0.9735762570306081,17.553383044716064,26.64124505801634,1319
2002,Age,2.6645865834633384,3.0,0.8135139950917724,0.0,3.0,1282
2003,Lev,0.4773778101010873,0.4822962329006716,0.18637014227478368,0.0737300445717136,0.9380842067304296,1347
2003,SL,0.4059817972903829,0.40049840464117564,0.17562407928659257,0.0553712022404499,0.8113234078353244,1338
2003,LL,0.06794259944607382,0.0347343327522026,0.0888054731624551,0.0,0.4208144078797665,1331
2003,SDR,0.8621557098841085,0.9236704337225567,0.16747700899432325,0.2917158869694658,1.0,1338
2003,Cash,0.16117665377296841,0.13435833672918565,0.11427192218682523,0.005356306015544,0.5517713697290183,1342
2003,ROA,0.022898890635931618,0.026943504915526,0.05930236086796149,-0.2549895931032591,0.1537203902122322,1347
2003,ROE,0.02915261530758808,0.0583328802011017,0.17730968843289666,-1.1290306581560676,0.2654072619357066,1347
2003,SLoan,0.18233169611358643,0.1701632086342863,0.13056217163400666,0.0,0.519330629334314,1339
2003,LLoan,0.05396927260751408,0.0205731106341031,0.07853176714683946,0.0,0.3686325143130183,1329
2003,Top1,0.4255279468675654,0.412759,0.17181881124180085,0.0106059999999999,0.8499840000000001,1261
2003,HHI5,0.2325186450892857,0.20037850000000001,0.1428083727260438,0.02409838,0.6155423700000006,1232
2003,Size,21.172451135884426,21.10367007947656,1.0236168434044126,16.884256317225866,26.945629403827056,1381
2003,Age,3.4043478260869566,4.0,1.2252995114286878,0.0,4.0,1380
2004,Lev,0.49529832685515035,0.503736066119103,0.187878224678276,0.0790443650064091,0.9325074441482946,1427
2004,SL,0.4204334751134533,0.41743122361368196,0.180525212975735,0.0650190011360791,0.8494421102823052,1418
2004,LL,0.07197484034421345,0.033436111624541354,0.09358866182668783,0.0,0.4201456117142569,1410
2004,SDR,0.858270239100634,0.9278044005724402,0.17273788775514334,0.2912331783638469,1.0,1418
2004,Cash,0.15776556957127347,0.1281900898716547,0.11551348664018672,0.0038179563139306,0.534386334765182,1422
2004,ROA,0.020237599576347347,0.0267348588322431,0.07424159202183846,-0.3507503326152115,0.1721707311331471,1427
2004,ROE,-0.006555157571979166,0.0585017360857485,0.37584783345566863,-2.744641364824312,0.3116124930641101,1427
2004,SLoan,0.18169983978339205,0.17057168445158544,0.13190701549413228,0.0,0.5157190242849238,1418
2004,LLoan,0.057106170568558955,0.018540585211074448,0.08361671256257615,0.0,0.37800260447174,1406
2004,Top1,0.41844191863905317,0.39854049999999996,0.1680630575528017,0.022448,0.8499840000000001,1352
2004,HHI5,0.2265359348784195,0.1926965,0.13807211680097653,0.02536355,0.5744368999999997,1316
2004,Size,21.217868098422805,21.13288357928471,1.0808534201945912,15.759392440047526,27.12479404758055,1468
2004,Age,4.366379310344827,5.0,1.286200203924422,0.0,5.0,1392
2005,Lev,0.5132609669434209,0.5237235165282064,0.1908433544884821,0.0777984154876046,0.9590239628704594,1407
2005,SL,0.43716954077587006,0.43936569927605684,0.18187819826469073,0.0572258277203614,0.8708593886725907,1398
2005,LL,0.07315786490362909,0.0321118643112026,0.09823964262031865,0.0,0.4796222670261369,1391
2005,SDR,0.8635465972226539,0.9331213585886826,0.1687774494401959,0.3033934884357175,1.0,1398
2005,Cash,0.14363023057630847,0.11791151468569855,0.10908649462026246,0.0052711125128617,0.5266008874508752,1402
2005,ROA,0.013149078452014006,0.022520190876688,0.0753888952842534,-0.31682518568081,0.1736408681370165,1407
2005,ROE,-0.026100654216963334,0.0495380963490195,0.3705382195436716,-2.55524475327951,0.2982972986532774,1407
2005,SLoan,0.17634299604312992,0.1636961266097555,0.12868347469282923,0.0,0.533527815542698,1397
2005,LLoan,0.056878134466579,0.018075680111562048,0.085219399815277,0.0,0.3824194646528484,1384
2005,Top1,0.4033815133333334,0.377029,0.16224350166567764,0.04238,0.849785,1350
2005,HHI5,0.2136490445531587,0.1784115,0.1315342108317278,0.02521172,0.56250919,1298
2005,Size,21.2650143636432,21.180406258790114,1.1193981264366353,17.121873923971293,27.32175174540265,1464
2005,Age,5.0438892640108035,6.0,1.7839652155891264,0.0,6.0,1481
2006,Lev,0.5176122150317877,0.5349589767467748,0.18752220056881239,0.0867679214732825,0.9486827791970368,1476
2006,SL,0.4384744016940212,0.4392666239729859,0.17805288463751082,0.069601745282144,0.8870160864714036,1462
2006,LL,0.07560575734119215,0.0346875956400714,0.09945869422040204,0.0,0.4448568715877448,1453
2006,SDR,0.8616128849644819,0.9320092174381938,0.17103792346285868,0.2653205154273527,1.0,1462
2006,Cash,0.14622152230559318,0.1188993045239051,0.11340272428987976,0.0023281442411014,0.5661717713512221,1475
2006,ROA,0.02918267803090224,0.0284957418293009,0.06079178335344098,-0.231110706154226,0.1873554878657497,1476
2006,ROE,0.03363991038897126,0.0658495479629993,0.2511364887227692,-1.6860158417117403,0.3740353954748884,1476
2006,SLoan,0.16202831237879906,0.15452562302692702,0.12138664424815222,0.0,0.5175407432376732,1474
2006,LLoan,0.060048371864972035,0.0179239931870556,0.08930152896328374,0.0,0.4029846769955131,1450
2006,Top1,0.3607775673758865,0.33537399999999995,0.14993907646241447,0.045385,0.837521,1410
2006,HHI5,0.17194053484398217,0.14297300000000002,0.1140768729976788,0.01795435,0.515322,1346
2006,Size,21.3245384171561,21.229984919214928,1.287913733778796,12.314250364142612,29.647139131398784,1547
2006,Age,5.5769470404984425,7.0,2.354195469696109,0.0,7.0,1605
2007,Lev,0.5073551461572489,0.512446571261537,0.1876527464557386,0.0822722706096918,0.9452570965807666,1598
2007,SL,0.4229875869728668,0.4189377872788684,0.17663778135423097,0.0587838996175624,0.8758471191656256,1573
2007,LL,0.07842098669310656,0.0390388655410097,0.09659774335345536,0.0,0.4236984785906924,1565
2007,SDR,0.8500852047620279,0.9197964997067724,0.1718994000868932,0.2786622494597109,1.0,1573
2007,Cash,0.16011937501692117,0.1288410017605409,0.12571887951240043,0.0008791896293608,0.6251260465474526,1597
2007,ROA,0.04590123095660277,0.04231758044567015,0.0630776721666588,-0.2360944069202293,0.2596922544148324,1598
2007,ROE,0.09473485594285656,0.0891369529082589,0.1648242224575412,-0.7318060601377179,0.7765291922893642,1598
2007,SLoan,0.14829171895543483,0.1334495334844475,0.1189710664515764,0.0,0.4980078850321276,1597
2007,LLoan,0.05802720645587547,0.0148716260823515,0.08692116420503915,0.0,0.3779937518708228,1561
2007,Top1,0.35777364153439145,0.33898599999999995,0.15238597270656015,0.008225,0.8628629999999999,1512
2007,HHI5,0.17039924921394395,0.143349,0.11636529143300754,0.01411358,0.5473722599999999,1463
2007,Size,21.47042676740084,21.355095410241795,1.5351400729662315,0.0,29.792536531835015,1662
2007,Age,6.3590361445783135,8.0,2.5971206825176174,0.0,8.0,1660
2008,Lev,0.5022129592624726,0.5106570667664347,0.19758516078167127,0.0723767851748468,0.9356837892620418,1656
2008,SL,0.4154513973104601,0.4077016172152623,0.18157470231219686,0.0617399014742843,0.8627127617902881,1632
2008,LL,0.08051369388238,0.036572604777978454,0.10409531871476391,0.0,0.4694770413472144,1628
2008,SDR,0.8484521694328322,0.9194996455082771,0.17612649826318805,0.2760556739106554,1.0,1632
2008,Cash,0.1613387668667384,0.12963898384699668,0.12357565730550828,0.0008943004911026,0.6274203920952782,1656
2008,ROA,0.02927605429429239,0.02916814200167555,0.06999827686909404,-0.2334282845148478,0.220271191993047,1656
2008,ROE,0.03786076034927903,0.06626958378748704,0.21692714883328093,-1.3083718869058574,0.4467088514085041,1656
2008,SLoan,0.14366918577046578,0.12756802759463798,0.11979132550192424,0.0,0.4567406195607479,1656
2008,LLoan,0.059938825053823135,0.0115552321557193,0.09332375485117125,0.0,0.4357497750907971,1623
2008,Top1,0.3638560800508259,0.34757150000000003,0.1548821204986189,0.037351,0.8641880000000001,1574
2008,HHI5,0.1751504653002611,0.14826499999999998,0.12029616634565456,0.01349764,0.5609341000000002,1532
2008,Size,21.53309947758071,21.395964444558196,1.5075628825272633,10.842198658885218,29.909073118607868,1717
2008,Age,6.715777899945024,9.0,3.236893448009796,0.0,9.0,1819
2009,Lev,0.4889401290397487,0.49784425536709476,0.20869290112404415,0.0535862364879072,0.9403555017965902,1802
2009,SL,0.38927282768857396,0.38115839578591915,0.18483109793094307,0.0461209903383444,0.8291738981503252,1774
2009,LL,0.09310272033862323,0.04278990616257615,0.11600979901972645,0.0,0.5202382180627533,1774
2009,SDR,0.8236644683999697,0.8951631947728984,0.19394207671349006,0.2586700608880548,1.0,1774
2009,Cash,0.2078681404937351,0.15725011855353488,0.17100475826358666,0.0010599489468465,0.7899749225089573,1802
2009,ROA,0.03928072218739173,0.03655739849177905,0.06341856959035534,-0.2227235041861734,0.2276905587036212,1802
2009,ROE,0.06259004136257434,0.07842858866125771,0.1827333860404246,-1.1791226954300795,0.3860288054908672,1802
2009,SLoan,0.1212392734513653,0.09580111636873259,0.11506870383964986,0.0,0.4824601213783815,1802
2009,LLoan,0.06769116807912348,0.0141861412020572,0.10196791686020286,0.0,0.4623387434336955,1775
2009,Top1,0.36271956047904186,0.339747,0.15656649136082657,0.036355,0.862003,1670
2009,HHI5,0.17473500650431567,0.1457815,0.1232805537931725,0.0134645,0.5741486499999995,1622
2009,Size,21.594264233795602,21.440608172946323,1.6363163366813143,0.0,30.097853149548783,1866
2009,Age,6.449908088235294,9.0,4.114149399195983,0.0,10.0,2176
2010,Lev,0.44919630791607706,0.4560340235204846,0.2275905333748305,0.027660792760781,0.935237178310073,2163
2010,SL,0.3584514173547338,0.3491039214491744,0.19448508025704667,0.0220201012377731,0.8279656727797702,2129
2010,LL,0.08402901209956491,0.0333644861239693,0.11076472924702534,0.0,0.4853746195103297,2129
2010,SDR,0.8327677860588703,0.9070865804580528,0.1892160333390267,0.2360060840901172,1.0,2129
2010,Cash,0.25122956939099345,0.1851451926023654,0.20107398731474785,0.0024212916230382,0.8465230193415377,2163
2010,ROA,0.05126859721897309,0.0452175426336422,0.048930151771320096,-0.1049516906815003,0.2087551340171308,2163
2010,ROE,0.09462275760966891,0.0828919442556508,0.10015959513380684,-0.3329500010492754,0.4080667156661418,2163
2010,SLoan,0.10328689571715784,0.0678818848946089,0.11352675024810038,0.0,0.4768524037768352,2163
2010,LLoan,0.059691602640075475,0.0057514014939198995,0.09701810778882036,0.0,0.4553196187825561,2128
2010,Top1,0.3624579196029777,0.3423859999999999,0.15758154842189548,0.0183739999999999,0.864938,2015
2010,HHI5,0.17643683120567374,0.1504995,0.12423007734542595,0.01219967,0.57669542,1974
2010,Size,21.666902990626834,21.47653192537693,1.6072532059998996,0.0,30.23064105748964,2221
2010,Age,6.712629399585921,9.0,4.494614507446889,0.0,11.0,2415
2011,Lev,0.4322173565559883,0.4354366663746239,0.23221480133180097,0.0311001028533515,0.9398064369576744,2409
2011,SL,0.3490446810712505,0.3353102810099027,0.1964707350471154,0.0260176847622405,0.8231905056916056,2371
2011,LL,0.07666103463851634,0.0284292170337277,0.10419377593940732,0.0,0.447754676836522,2369
2011,SDR,0.8429819366697027,0.912259975162614,0.1795884468655427,0.2536916471577081,1.0,2371
2011,Cash,0.24262065324570992,0.1814566275954706,0.18477874472898353,0.003555801887334,0.7757212779725157,2409
2011,ROA,0.04822861967846074,0.0445387694352971,0.051016043225444646,-0.1400144132208582,0.2058798609610334,2409
2011,ROE,0.07890349095910232,0.080455472733284,0.11981344087268866,-0.630650846024563,0.3701014696060037,2409
2011,SLoan,0.10360333112419828,0.0684926841121418,0.11370164421122067,0.0,0.4799381273849969,2409
2011,LLoan,0.04922153225357368,0.0013622426575066,0.08634987279517606,0.0,0.4173530584331404,2359
2011,Top1,0.36203831721132895,0.343301,0.15670228783825207,0.021969,0.894086,2295
2011,HHI5,0.17640258004862952,0.1516105,0.12304485405647439,0.01232522,0.5706678699999994,2262
2011,Size,21.776669071511435,21.57090371397981,1.504490403178392,15.715152767365977,30.370367638038154,2456
2011,Age,7.315789473684211,9.0,4.697451771821459,0.0,12.0,2546
2012,Lev,0.43440535922689977,0.4355120652107924,0.22948314005450712,0.0393017499483853,0.931565158397644,2555
2012,SL,0.3404917908127688,0.3230320318952683,0.1969701166206811,0.0,0.8230167511871501,2555
2012,LL,0.08135018239920982,0.0322072148286915,0.10604660076172222,0.0,0.475488114488146,2555
2012,SDR,0.8158387874000013,0.8939313470049691,0.21295063273222978,0.0,1.0,2555
2012,Cash,0.2228782279623406,0.1718398909576432,0.1656748542307955,0.0084799550618146,0.7431242577405124,2555
2012,ROA,0.04087700607985163,0.0363986628320095,0.04812803130966752,-0.1105033063851149,0.2034729286183802,2555
2012,ROE,0.0676331813615422,0.0692433734383594,0.09861207174758665,-0.4145057388679933,0.3686871164173935,2555
2012,SLoan,0.10268260490526676,0.0677883244929731,0.11395460944863159,0.0,0.4728201536343597,2555
2012,LLoan,0.04496696693033358,0.000156245255209,0.08128744212415416,0.0,0.3889295514181551,2554
2012,Top1,0.36383024133713815,0.3450979999999999,0.1568172940783559,0.021969,0.894086,2453
2012,HHI5,0.17759657116412997,0.14983,0.12376584943069767,0.0130163,0.5803721999999989,2431
2012,Size,21.861900214416213,21.656510569731395,1.4917048512033417,15.729427063685383,30.49563149169248,2586
2012,Age,8.158766859344894,9.0,4.788615227355716,0.0,13.0,2595
2013,Lev,0.44764765968794207,0.43937739640609136,0.22471155638721937,0.0465650279376704,0.937827788024766,2630
2013,SL,0.3491858966433119,0.3311365342126595,0.19405327928005758,0.0,0.8598912043379424,2630
2013,LL,0.08586905786016492,0.0382604603128163,0.10577085417227981,0.0,0.4819585449590068,2630
2013,SDR,0.8089070272707857,0.8817181887249155,0.209888434389446,0.0,1.0,2630
2013,Cash,0.18849653688424295,0.15236195372786,0.13750922538851978,0.0053940545786367,0.6537543622402743,2630
2013,ROA,0.03883064468498194,0.0331520676318862,0.053815775391558913,-0.1615561608757016,0.2185558720805851,2630
2013,ROE,0.06280114923062366,0.0667549949740258,0.12224019546410231,-0.6432347073612035,0.361140314382558,2630
2013,SLoan,0.10417994401832545,0.07033798168374994,0.11241284502826969,0.0,0.4593695284180458,2630
2013,LLoan,0.04623026426822039,0.0006989390133547,0.0819691790081298,0.0,0.3952107424409204,2625
2013,Top1,0.3586545884022708,0.3394925,0.15654468302872632,0.021969,0.894086,2466
2013,HHI5,0.17179186243386244,0.141089,0.12244341528138684,0.01357684,0.5734851200000002,2457
2013,Size,21.963104759850832,21.75912628486321,1.496124515530526,15.577260503807937,30.57112185642544,2640
2013,Age,8.76041282712864,10.0,5.0422356393260985,0.0,14.0,2713
2014,Lev,0.44621622010736045,0.4358467753461322,0.21778294894142367,0.0543009193737105,0.934144549342116,2787
2014,SL,0.3474169731967011,0.3308968203100345,0.18788696494858748,0.0,0.8323325414849413,2787
2014,LL,0.0853949094185936,0.0424579325356294,0.10244212556583687,0.0,0.4605041172058031,2787
2014,SDR,0.8061327854194271,0.8778111308551455,0.20760262198525162,0.0,1.0,2787
2014,Cash,0.17435971366695807,0.1354205001046152,0.1312679793363188,0.0037846168460417,0.6389266605125068,2787
2014,ROA,0.038361619575999845,0.0329114865553752,0.050732158192983504,-0.1349582375738758,0.1916809722981421,2787
2014,ROE,0.05812002940959432,0.0670778278599412,0.1308079222711133,-0.791859140285653,0.3020214613678131,2787
2014,SLoan,0.09868931572629075,0.06623369019453709,0.10485231771143799,0.0,0.4415489089558056,2786
2014,LLoan,0.04345434161804805,0.0011360939656118,0.07767660336228852,0.0,0.3698396030957884,2783
2014,Top1,0.3521064023166023,0.3328924999999999,0.15360735510195164,0.021969,0.894086,2590
2014,HHI5,0.16574591866407767,0.13509,0.1189103168433614,0.01231494,0.57168862,2575
2014,Size,22.01419513441147,21.843800338618628,1.5442269417609589,14.941641134783383,30.65679523038193,2803
2014,Age,9.096530401923738,9.0,5.453013132106025,0.0,15.0,2911
2015,Lev,0.43289657376207763,0.4184174617976477,0.2136531372379258,0.0522700564580812,0.92533294749851,3086
2015,SL,0.33635156156890006,0.31608171161370335,0.18043518576822912,0.0,0.8014958064688069,3086
2015,LL,0.08316754182720691,0.03906136482758865,0.10220645059088998,0.0,0.4555797641409814,3086
2015,SDR,0.8082794842266144,0.8787589403908129,0.20565102891736145,0.0,1.0,3086
2015,Cash,0.17727949360611056,0.14423233743058744,0.12534062829753403,0.004615437336493,0.6155292224547786,3086
2015,ROA,0.03555985097626418,0.033604663281855504,0.058152936545875104,-0.1838575969695387,0.1998722628006124,3086
2015,ROE,0.05272825577727645,0.06470143843925785,0.13578996179171657,-0.71340978559673,0.3526280631864713,3086
2015,SLoan,0.09372552800210159,0.0620215312358571,0.10162278418570661,0.0,0.4225482758277523,3083
2015,LLoan,0.040497794154744214,0.00044842089465785,0.07393037882355426,0.0,0.3607798965629966,3074
2015,Top1,0.343266340342124,0.32381599999999994,0.1499103635458295,0.002863,0.8998579999999999,2806
2015,HHI5,0.159031228980322,0.131017,0.11399253136551668,0.01234786,0.5555731399999997,2795
2015,Size,22.02248706927741,21.89902168289362,1.6089829080584213,15.97917167818854,30.73155384833783,3098
2015,Age,8.778673835125447,7.0,6.117634741364551,0.0,16.0,3348
2016,Lev,0.41996088928747066,0.3993740896815984,0.21321820558638924,0.0562317346727429,0.932104121894532,3429
2016,SL,0.33027143932474723,0.3083862637929145,0.17428539266536475,0.0409709925863181,0.8003666093861451,3375
2016,LL,0.08470353797806837,0.04369455011075185,0.10056933636520092,0.0001074168194978,0.449464760187837,3220
2016,SDR,0.8218719961556867,0.8794759054469559,0.17950074165880264,0.230111516485941,1.0,3375
2016,Cash,0.18106700639484197,0.1482526706597929,0.1270243805609258,0.0066867781812394,0.6270997776986913,3429
2016,ROA,0.04315246286057859,0.0382112541056709,0.05437860841648565,-0.1550726190052629,0.2133837624249225,3429
2016,ROE,0.06884014416302328,0.0705949270154581,0.11136587628008451,-0.5342494216998354,0.3672698576014865,3429
2016,SLoan,0.08068563211417282,0.0485993618491302,0.09326109166792314,0.0,0.4020867395079495,3419
2016,LLoan,0.06686145348172433,0.03565134941099865,0.08216911757203621,0.0,0.3775377790609773,1904
2016,Top1,0.3353518960396039,0.314033,0.14798590179681126,0.0415139999999999,0.89093,3030
2016,HHI5,0.1537762662202381,0.1252135,0.1102833499159812,0.01392015,0.5422383999999999,3024
2016,Size,22.07748109557278,21.98158896073518,1.6488466622560702,16.63803999414195,30.814778027747646,3435
2016,Age,8.76311563169165,7.0,6.514557014984608,0.0,17.0,3736
2017,Lev,0.41622234188767643,0.39848669413658067,0.20845939598633403,0.0614761472799368,0.924114531985174,3812
2017,SL,0.33036489552098147,0.3123546787051433,0.16875954460522,0.0448422500980999,0.785566288060097,3747
2017,LL,0.08147602706901284,0.0419770280760398,0.09663261485423233,0.000190884666603,0.4460790440041973,3565
2017,SDR,0.8302773948124531,0.8862206536949229,0.17178613244190494,0.2718908874317212,1.0,3747
2017,Cash,0.17537381228081975,0.1413143092842666,0.12073454634432872,0.0173646933259021,0.6000344327441637,3785
2017,ROA,0.047265248957575536,0.04224448520773195,0.05378330363124687,-0.1617736536727126,0.2159213556476808,3812
2017,ROE,0.0770932141359269,0.07821023838621755,0.10198137253021565,-0.4289555639238844,0.3665123972080428,3812
2017,SLoan,0.11278553377360882,0.0900205731076158,0.09422485926009921,0.000532148866464,0.4260271782822196,2825
2017,LLoan,0.07235898818944447,0.04321144749635805,0.08161762502032188,0.0,0.3921955257134547,1944
2017,Top1,0.3358664452470384,0.3140469999999999,0.1461391948064941,0.041456,0.89093,3461
2017,HHI5,0.1555699868871482,0.128976,0.1093907369846906,0.01580036,0.5462871199999999,3447
2017,Size,22.10743771353211,21.98983658262048,1.626014092879373,16.797126318748795,30.89245987021005,3827
2017,Age,9.481414088900442,8.0,6.624667911443572,0.0,18.0,3847
2018,Lev,0.4328497667368595,0.41835204667800024,0.2082624487730632,0.0649864536876868,0.9292599757314556,3906
2018,SL,0.34600647175187305,0.3284191213462634,0.1733215474984236,0.0495687268319591,0.8172156614512092,3829
2018,LL,0.08116972763070274,0.0440314877546237,0.09432104023438376,0.0002082260223472,0.4407495132136868,3681
2018,SDR,0.8321296333964016,0.8868472120937597,0.16983833700035178,0.2684762978699061,1.0,3829
2018,Cash,0.16427200648886012,0.1370500809969956,0.11291740658232442,0.012782207017786,0.564140427114317,3873
2018,ROA,0.028703023582658627,0.036414123447356256,0.10100694282882923,-0.5444369527523427,0.2164115314743016,3906
2018,ROE,0.015362790070629915,0.0706046877935447,0.342690402466512,-2.4901446471031172,0.360518070379151,3906
2018,SLoan,0.11470460939364124,0.09501748696145154,0.09288414542841125,0.0006316197837822,0.4207873545233191,3004
2018,LLoan,0.071118967880188,0.0441810505196804,0.07913108277371475,0.0,0.3864085565874831,2054
2018,Top1,0.3341632443133951,0.310586,0.1462191580276581,0.030029,0.89093,3561
2018,HHI5,0.1547502350367439,0.126717,0.10946529904473992,0.01571392,0.5436935400000006,3538
2018,Size,22.18460098570613,22.045488059921063,1.6407020862500261,16.649227447573086,30.952436922485756,3930
2018,Age,9.907125307125307,9.0,6.8681879876709155,0.0,19.0,4070
2019,Lev,0.4308076524100439,0.4153339036006946,0.2109705522969684,0.0603581170786502,0.93028324476895,4095
2019,SL,0.34079533336091816,0.32367512631162876,0.17527267749171194,0.041853589004693,0.8065573654482097,4010
2019,LL,0.0824148537891464,0.0451021110482351,0.09435128938528656,0.0002419887683177,0.4348510557099926,3917
2019,SDR,0.8233264019900519,0.8745386324084381,0.1714967495942747,0.2679794760068813,1.0,4010
2019,Cash,0.1705531205712302,0.1387921347868777,0.1233225747218836,0.0108385436523522,0.6192378180333822,4059
2019,ROA,0.029768162487955926,0.0373254666036522,0.09768600569177148,-0.4937429982917213,0.2204214552121227,4095
2019,ROE,0.020906394850686506,0.072007055442112,0.3117166496086963,-2.235495071130544,0.34232362285415,4095
2019,SLoan,0.10797036238607746,0.08419221678969385,0.09325756283393151,0.0002041489499805,0.415193682684974,3152
2019,LLoan,0.07109938420243599,0.0449683442916733,0.07719220192608595,0.0,0.3712735957948783,2187
2019,Top1,0.32885501465494266,0.302994,0.14705579343956035,0.030029,0.8823529999999999,3753
2019,HHI5,0.1516736418524502,0.12019550000000001,0.11022471208075926,0.01524796,0.54021922,3714
2019,Size,22.216057115599757,22.04347141324805,1.6370380013751538,17.260891612728262,31.03585972692826,4135
2019,Age,9.77366798767063,9.0,7.304062917341969,0.0,20.0,4542
2020,Lev,0.4208497013405408,0.407975551817444,0.21165356182340783,0.0571156996221551,0.9300757183221072,4545
2020,SL,0.3324272718665883,0.31225132709388964,0.17431716316877977,0.044780301146696,0.8172494115040363,4456
2020,LL,0.08136997278231223,0.0432151242412672,0.09528609396653884,0.0002047765312589,0.4429373153142145,4352
2020,SDR,0.8238039231581359,0.8792145129289554,0.17128757190331498,0.2908507693686511,1.0,4456
2020,Cash,0.19370096677473544,0.160005740861595,0.13642581726059724,0.0114204736834509,0.6549071716394417,4507
2020,ROA,0.03628991959365246,0.0397019693688339,0.08085502620758948,-0.3376692749411267,0.2376233609421048,4545
2020,ROE,0.038278803900109196,0.0747114487631782,0.2338776500834011,-1.528643922310093,0.4021411297395765,4545
2020,SLoan,0.09765209192656661,0.0738482214691957,0.08862251493671289,0.0003556778679135,0.3946475687729236,3477
2020,LLoan,0.07373493831245351,0.046284834487780854,0.08222071598593192,4.522534201111625e-07,0.3976730260111611,2368
2020,Top1,0.3240123753630203,0.299751,0.14759488841699656,0.028657,0.89991,4132
2020,HHI5,0.14855310290953544,0.11654400000000001,0.11025045692780402,0.01312491,0.5356189900000004,4090
2020,Size,22.213418548447724,21.982112597310607,1.6037138890834497,16.41232324616023,31.137930691402516,4589
2020,Age,9.820188641380694,9.0,7.615257680662541,0.0,21.0,4983
2021,Lev,0.4225000366255713,0.4076197684639975,0.21314150406408727,0.0539784242575343,0.9295234586886508,4976
2021,SL,0.3288834310775267,0.3072608975400409,0.17603743675111386,0.0413805880399219,0.8172646492756612,4880
2021,LL,0.08497513614307897,0.0460289330397309,0.09611224114666579,0.0006017754428346,0.451556561863846,4853
2021,SDR,0.8091446036181889,0.8624092424822782,0.17295241640101722,0.2706309311483722,0.9988874161438815,4880
2021,Cash,0.19181264242633383,0.1574815250169917,0.13570082796599817,0.0131198250336412,0.6882322520500703,4934
2021,ROA,0.03900650467403954,0.0422595882369683,0.07726411617046412,-0.2954714295857955,0.2482894116284429,4976
2021,ROE,0.03518971609737539,0.0771216872874428,0.2659001314213201,-1.879988723807316,0.4011455946322678,4976
2021,SLoan,0.09175514026763916,0.0676984584618348,0.08656766052809851,0.0003912112977191,0.40875891168332,3643
2021,LLoan,0.07165088186917919,0.0443736627557971,0.07996714785630119,7.977524909130847e-05,0.3895939526151205,2575
2021,Top1,0.32291065234124433,0.299,0.14885840519827206,0.024307,0.89991,4677
2021,HHI5,0.1479051788886496,0.115809,0.11113368618372844,0.01267406,0.5512390799999995,4643
2021,Size,22.264846199341644,22.002023129117497,1.577118180821694,17.878982717210707,31.19125388492819,5012
2021,Age,10.111965491372843,8.0,7.833166582295651,0.0,22.0,5332
2022,Lev,0.41398787951482674,0.40016138244404187,0.21361612853157394,0.0528162065268182,0.9278516331908496,5238
2022,SL,0.31773346062725427,0.2974293105780813,0.17370452481330037,0.0396012038507124,0.8179104603835842,5140
2022,LL,0.08763156362559081,0.0496260550167004,0.09712754235845839,0.0007136307929296,0.4488406618986549,5113
2022,SDR,0.8012329014580638,0.8549179628293417,0.17395114607449058,0.271192857629267,0.9981321551819492,5140
2022,Cash,0.2011382865969612,0.1647376950656808,0.14066860484035487,0.0139951200973908,0.6822893977552267,5196
2022,ROA,0.029837435288755675,0.03416676560985805,0.07147279666419651,-0.2314154801944236,0.2292539296373596,5238
2022,ROE,0.029920934759862856,0.061468825055972204,0.18787326093153264,-1.0979978627604663,0.3889916671470844,5238
2022,SLoan,0.08578060185252774,0.0605759912888865,0.08273483199675599,0.000150200435805,0.3811438710074021,3955
2022,LLoan,0.07372283114977467,0.0479267660648978,0.08001966880727188,3.879861873602477e-05,0.3898360241456899,2906
2022,Top1,0.32060007275603003,0.2968815,0.1483788525149024,0.018438,0.89991,5058
2022,HHI5,0.14598285400757274,0.11477000000000001,0.11008224078565386,0.01151546,0.5347894499999999,5018
2022,Size,22.319347868016187,22.044187814911748,1.5430311963689112,18.429235813465137,31.310094068095445,5279
2022,Age,10.580178571428572,8.0,8.003057995437777,0.0,23.0,5600
2023,Lev,0.4113147265696452,0.3953634048470077,0.21543682077035803,0.0494384057632404,0.9254272631130922,5417
2023,SL,0.30892128840266847,0.2826381597378024,0.17203923882373295,0.0376692749778701,0.7936585630276096,5319
2023,LL,0.09385424705418349,0.0533305495957368,0.10239424836701928,0.0007527809040563,0.4665029185565036,5307
2023,SDR,0.787450514590818,0.8401064453087641,0.18161205460904503,0.2609524544911136,0.9973430370111872,5319
2023,Cash,0.2006528186429716,0.1626199139483432,0.1433254854072731,0.016413845758691,0.6981739815988617,5375
2023,ROA,0.022869679158173572,0.028684132727192,0.06448964432006003,-0.2320858451070085,0.1789165063052863,5417
2023,ROE,0.020122764019711286,0.0508106558871363,0.16583892699768532,-0.9158695409022148,0.2820123436402736,5417
2023,SLoan,0.0815141763750811,0.05505614812066745,0.0807947448742919,0.0001686451109684,0.3733339079470045,4120
2023,LLoan,0.08119722171317324,0.0535447083733503,0.08364731448841545,0.0001472704036209,0.4009655680781495,3052
2023,Top1,0.31959215219842163,0.29524300000000003,0.15003383099030582,0.018464,0.89991,5322
2023,HHI5,0.14502093607095679,0.11341,0.11117134261701743,0.01100804,0.5407690399999998,5299
2023,Size,22.352978807833875,22.058015892942812,1.5214904554020259,18.5787861621117,31.43092926865673,5440
2023,Age,11.565721419654004,9.0,8.00850791416307,0.0,24.0,5607
2024,Lev,0.4193719916678116,0.4041793707647159,0.21695230657206258,0.0567989092550775,0.9320176443726376,5457
2024,SL,0.31693006974624993,0.2959886668655919,0.17302906152043943,0.0435617834618395,0.8220021216835027,5360
2024,LL,0.09403876672578318,0.0536307549380802,0.1030986290331805,0.0006685265333011,0.4676747853645296,5349
2024,SDR,0.7914072722523099,0.8451494604768567,0.1787664307383088,0.2605912500021877,0.9978625179786824,5360
2024,Cash,0.18040930064606803,0.1463607315916187,0.1287395690165786,0.0138011353369725,0.6308417237184535,5415
2024,ROA,0.01481635829006883,0.0232479777746595,0.06878899536181804,-0.2672938940113186,0.1617303355193465,5457
2024,ROE,-0.008659587263126656,0.0431680245925128,0.24898479456577877,-1.6973347086130834,0.2645290707230914,5457
2024,SLoan,0.08341620912850453,0.057953515990320795,0.08290035991124346,0.0001191511197832,0.380376866376123,4208
2024,LLoan,0.0814597640939832,0.0540509710020004,0.08380695904574924,0.0001573486635333,0.3993657687866063,3114
2024,Size,22.360972279374227,22.05853954765011,1.5205735052278173,18.12247519908917,31.519196944284975,5481
2024,Age,12.565721419654004,10.0,8.00850791416307,1.0,25.0,5607
